{
	"info": {
		"_postman_id": "228747e1-a990-46cb-af8b-8bad28809349",
		"name": "maahed_filter",
		"schema": "https://schema.getpostman.com/json/collection/v2.1.0/collection.json"
	},
	"item": [
		{
			"name": "{{url}}/api/filter_trainers",
			"request": {
				"method": "POST",
				"header": [],
				"body": {
					"mode": "formdata",
					"formdata": [
						{
							"key": "key",
							"value": "1234567890",
							"type": "text"
						},
						{
							"key": "token_id",
							"value": "eyJ0eXAiOiJKV1QiLCJhbGciOiJIUzI1NiJ9.eyJpZCI6IjI4IiwicGhvbmUiOiIxNSIsImVtYWlsIjoicXFxQHEuY29tIiwiQVBJX1RJTUUiOjE1NTcxMzc4NzZ9.JO3DcTarGsXaGZdOxajF7N4ox0DgHAfLHNzrQzbDxFs",
							"type": "text"
						},
						{
							"key": "key_depart",
							"value": "2",
							"type": "text"
						},
						{
							"key": "page_number",
							"value": "0",
							"type": "text"
						},
						{
							"key": "limit",
							"value": "10",
							"type": "text"
						},
						{
							"key": "cat_id",
							"value": "3",
							"type": "text"
						},
						{
							"key": "tariner_name",
							"value": "ashraf",
							"type": "text"
						}
					]
				},
				"url": {
					"raw": "{{url}}/api/filter_trainers",
					"host": [
						"{{url}}"
					],
					"path": [
						"api",
						"filter_trainers"
					]
				}
			},
			"response": []
		},
		{
			"name": "{{url}}/api/logout",
			"request": {
				"method": "POST",
				"header": [],
				"body": {
					"mode": "formdata",
					"formdata": [
						{
							"key": "key",
							"value": "1234567890",
							"type": "text"
						},
						{
							"key": "token_id",
							"value": "eyJ0eXAiOiJKV1QiLCJhbGciOiJIUzI1NiJ9.eyJpZCI6IjExIiwicGhvbmUiOiIxMjIyMjIyNzc3MTMiLCJlbWFpbCI6ImFzaHJhZi5tMzUyM0B3eXNpdC5jb20iLCJBUElfVElNRSI6MTU1NTk1MTMzM30.MytL8O5AkyYWDhyxUMyT_Q1bnqRrafrmMNzHpSCLukc",
							"type": "text"
						}
					]
				},
				"url": {
					"raw": "{{url}}/api/logout",
					"host": [
						"{{url}}"
					],
					"path": [
						"api",
						"logout"
					]
				}
			},
			"response": []
		},
		{
			"name": "{{url}}/api/menu_notfiy",
			"request": {
				"method": "POST",
				"header": [],
				"body": {
					"mode": "formdata",
					"formdata": [
						{
							"key": "key",
							"value": "1234567890",
							"type": "text"
						},
						{
							"key": "token_id",
							"value": "eyJ0eXAiOiJKV1QiLCJhbGciOiJIUzI1NiJ9.eyJpZCI6IjEiLCJwaG9uZSI6IjAxMjIzODQ2MTY1IiwiZW1haWwiOiJhc2hyYWYubW1Ad3lzaXN0LmNvbSIsIkFQSV9USU1FIjoxNTU2NzI0MDQ4fQ.VW2FZWn5Cw0MW2cbPLt3X3NyRWJNTARHNucKKU6RXYs",
							"type": "text"
						},
						{
							"key": "key_user",
							"value": "1",
							"type": "text"
						}
					]
				},
				"url": {
					"raw": "{{url}}/api/menu_notfiy",
					"host": [
						"{{url}}"
					],
					"path": [
						"api",
						"menu_notfiy"
					]
				}
			},
			"response": []
		},
		{
			"name": "{{url}}/api/filter_courses",
			"request": {
				"method": "POST",
				"header": [],
				"body": {
					"mode": "formdata",
					"formdata": [
						{
							"key": "key",
							"value": "1234567890",
							"type": "text"
						},
						{
							"key": "token_id",
							"value": "eyJ0eXAiOiJKV1QiLCJhbGciOiJIUzI1NiJ9.eyJpZCI6IjEiLCJwaG9uZSI6IjAxMjIzODQ2MTY1IiwiZW1haWwiOiJhc2hyYWYubW1Ad3lzaXN0LmNvbSIsIkFQSV9USU1FIjoxNTU2NzI0MDQ4fQ.VW2FZWn5Cw0MW2cbPLt3X3NyRWJNTARHNucKKU6RXYs",
							"type": "text"
						},
						{
							"key": "key_depart",
							"value": "1",
							"description": "1,3,4",
							"type": "text"
						},
						{
							"key": "arrange_type",
							"value": "2",
							"description": "1===>asc.2 =======>desc",
							"type": "text"
						},
						{
							"key": "limit",
							"value": "10",
							"type": "text"
						},
						{
							"key": "page_number",
							"value": "0",
							"type": "text"
						},
						{
							"key": "course_name",
							"value": "new",
							"type": "text"
						},
						{
							"key": "city_id",
							"value": "",
							"type": "text"
						},
						{
							"key": "cat_id",
							"value": "3,2",
							"type": "text"
						}
					]
				},
				"url": {
					"raw": "{{url}}/api/filter_courses",
					"host": [
						"{{url}}"
					],
					"path": [
						"api",
						"filter_courses"
					]
				}
			},
			"response": []
		},
		{
			"name": "{{url}}/api/get_course_final_price",
			"request": {
				"method": "POST",
				"header": [],
				"body": {
					"mode": "formdata",
					"formdata": [
						{
							"key": "key",
							"value": "1234567890",
							"type": "text"
						},
						{
							"key": "token_id",
							"value": "eyJ0eXAiOiJKV1QiLCJhbGciOiJIUzI1NiJ9.eyJpZCI6IjEiLCJwaG9uZSI6IjAxMjIzODQ2MTY1IiwiZW1haWwiOiJhc2hyYWYubW1Ad3lzaXN0LmNvbSIsIkFQSV9USU1FIjoxNTU2NzI0MDQ4fQ.VW2FZWn5Cw0MW2cbPLt3X3NyRWJNTARHNucKKU6RXYs",
							"type": "text"
						},
						{
							"key": "course_id",
							"value": "1",
							"type": "text"
						},
						{
							"key": "course_key",
							"value": "1",
							"type": "text"
						},
						{
							"key": "code_name",
							"value": "894561",
							"type": "text"
						}
					]
				},
				"url": {
					"raw": "{{url}}/api/get_course_final_price",
					"host": [
						"{{url}}"
					],
					"path": [
						"api",
						"get_course_final_price"
					]
				}
			},
			"response": []
		}
	]
}