{
	"variables": [],
	"info": {
		"name": "final_api",
		"_postman_id": "1653eeb3-524b-09ce-f803-5a4e44b26847",
		"description": "",
		"schema": "https://schema.getpostman.com/json/collection/v2.0.0/collection.json"
	},
	"item": [
		{
			"name": "{{url}}/api/update_trainer_details",
			"request": {
				"url": "{{url}}/api/update_trainer_details",
				"method": "POST",
				"header": [
					{
						"key": "Content-Type",
						"value": "application/json",
						"description": ""
					}
				],
				"body": {
					"mode": "raw",
					"raw": "{\n\"key\":\"1234567890\",\n\"token_id\":\"eyJ0eXAiOiJKV1QiLCJhbGciOiJIUzI1NiJ9.eyJpZCI6Ijc1IiwicGhvbmUiOiI1MSIsImVtYWlsIjoicXdlQHF3ZS5jb20iLCJBUElfVElNRSI6MTU1ODM0MTk4MX0.cTa_j-g5w50SE7Y4FjHEGHuHTgvoGGFitxGDjrEx6hc\",\n\"trainer_about\":\"ashraf\",\n\"certificates_list\":[\"1436517454492\",\"1436517476993\"],\n\"experiences_list\":[{\"name\":\"name_exper\",\"comp_name\":\"company\",\"start_month\":\"startmonth\",\"end_moth\":\"endmonth\",\"start_year\":\"2016\",\"end_year\":\"2019\"},{\"name\":\"name_exper\",\"comp_name\":\"company\",\"start_month\":\"startmonth\",\"end_moth\":\"endmonth\",\"start_year\":\"2016\",\"end_year\":\"2019\"},{\"name\":\"name_exper\",\"comp_name\":\"company\",\"start_month\":\"startmonth\",\"end_moth\":\"\",\"start_year\":\"2016\",\"end_year\":\"\"}]\n\n}"
				},
				"description": ""
			},
			"response": []
		}
	]
}